Name,Mean
Bezier,0.0791598250005336
CirclesRandomSize,0.0225580375023128
CirclesUniformSize,0.021950187498441666
FillText,0.021660762501414865
ImageMark,0.02704291249974631
StaticAsteroids,0.029792412502865774
Rave,0.007974374998593704
IsPointInPath,0.00444592500134604
MeasureText,0.009951400000863942