Name,Mean,MeanLB,MeanUB,Stddev,StddevLB,StddevUB
CirclesRandomSize,8.741213881956441e-3,8.42874960749511e-3,9.194961842991038e-3,6.699903466549832e-4,4.169201171871915e-4,9.321630425558494e-4
CirclesUniformSize,8.367228579380393e-3,8.193598224993425e-3,8.716506083403457e-3,4.039097849865674e-4,2.387071040976229e-4,6.300533780613628e-4
FillText,1.714702247319456e-2,1.6842273036542e-2,1.7905047028870837e-2,8.958465819185603e-4,3.466239580436984e-4,1.5146340375430934e-3
ImageMark,1.0282090607494207e-2,1.006173226187145e-2,1.0531458986725506e-2,4.3557795696486963e-4,3.033606730322931e-4,6.716640761123609e-4
StaticAsteroids,6.894643713802473e-3,6.722158835736852e-3,7.019893104571752e-3,2.5462511720714386e-4,1.4330756208713887e-4,3.3260238388782684e-4
Rave,6.3557643190297e-3,6.232972385182696e-3,6.504148343489795e-3,2.2311745783377463e-4,1.6982825702050122e-4,2.869057747199915e-4
IsPointInPath,8.24198652900571e-3,8.181353501677485e-3,8.297582997836013e-3,1.0339749793924398e-4,7.957284811738e-5,1.3562132470207224e-4
MeasureText,8.29035995658841e-3,8.195742777352676e-3,8.397143951999723e-3,1.692028865861039e-4,1.1750282971166771e-4,2.5088830144604223e-4
