Name,Mean
Bezier,0.38026693282500007
CirclesRandomSize,0.07639441386250019
CirclesUniformSize,0.07342713627500015
FillText,0.8979655766250005
ImageMark,0.015183292199999778
StaticAsteroids,0.07519032486250145
Rave,0.010291929962501308
IsPointInPath,0.0047123679375006755
MeasureText,0.011542943812501108