Name,Mean,MeanLB,MeanUB,Stddev,StddevLB,StddevUB
CirclesRandomSize,0.10202526733683906,9.815876501003165e-2,0.10851942200415939,7.689757992845831e-3,4.250780101728797e-3,1.1719164530004324e-2
CirclesUniformSize,8.757743711117277e-2,8.660462938144003e-2,9.021264325437095e-2,2.4688205978740923e-3,6.766566409814168e-4,3.995781284402402e-3
FillText,8.874102636090907e-2,8.726588236840517e-2,9.032855364378851e-2,2.4819981995570987e-3,1.8086887561904609e-3,3.264209417659536e-3
ImageMark,0.33277410987495243,0.32168432725482654,0.33884308855027334,1.0717829065026743e-2,1.1878007078967544e-3,1.4015705887610511e-2
StaticAsteroids,0.15367743609599638,0.15149486331142237,0.1590395362705162,4.565699178027219e-3,9.674857121672721e-4,6.3769779948891075e-3
Rave,4.00288373370749e-2,3.92970968123174e-2,4.165556760755724e-2,1.998145485228917e-3,8.854261123793544e-4,3.333044862629019e-3
IsPointInPath,2.678899881011135,2.6774862944718105,2.6798225822564414,1.38499691827841e-3,0.0,1.59816543707794e-3
MeasureText,2.3671134276500116,2.3371160421384665,2.385995165839761,2.8470769742441292e-2,0.0,3.270412987985854e-2
