Name,Mean,MeanLB,MeanUB,Stddev,StddevLB,StddevUB
"Bezier",0.47283698049960665,0.46481862513003874,0.48351388899264863,4.715334705769337e-2,3.799804027242849e-2,5.594694939144143e-2
"CirclesRandomSize",0.14095248667178675,0.13887639013705774,0.14343217340884729,1.1613362699202458e-2,1.0172952125162865e-2,1.3222800275212292e-2
"CirclesUniformSize",0.14247497288165614,0.13951418606219812,0.1455109187739901,1.5337254731170072e-2,1.4759020746316425e-2,1.6793789319558286e-2
"FillText",0.9619174882548862,0.9597029754298739,0.9641603418963962,1.14506108953492e-2,1.016650344857368e-2,1.3826233121816418e-2
"ImageMark",3.4242019333224745e-2,3.084204641757533e-2,3.794611898837611e-2,1.8210855773104696e-2,1.622283818368692e-2,2.1775238845272493e-2
"StaticAsteroids",0.32045631376681855,0.315639345325809,0.32541303125796844,2.503235280132009e-2,2.39682761222445e-2,2.606683089842326e-2
"Rave",3.833473173556849e-2,3.806716648517176e-2,3.8726808704715225e-2,1.6512425501518026e-3,1.1973787096418759e-3,2.350391671736409e-3
"IsPointInPath",3.370812860904262e-2,3.3054413475375626e-2,3.462902990756556e-2,3.9406936991988155e-3,3.02775171291826e-3,5.876732221652385e-3
"MeasureText",0.31080851522861047,0.3053361007350497,0.31802243677554654,3.2136986037525926e-2,2.5018879541087835e-2,4.141673545235553e-2
