Name,Mean,MeanLB,MeanUB,Stddev,StddevLB,StddevUB
CirclesRandomSize,0.1298758736751376,0.12728463230817438,0.13383970362969363,4.462956029371672e-3,1.3911260316073345e-3,5.457527882724889e-3
CirclesUniformSize,0.12303531449080098,0.11928822334969635,0.1332178448079362,8.979055516326455e-3,6.007032119947598e-4,1.3025046553308155e-2
FillText,0.9527348574873217,0.9479852961764431,0.9598500584510927,6.2761719370958815e-3,0.0,6.850123693139869e-3
ImageMark,0.30598315538571363,0.2934018505024184,0.3169957554825228,1.4567004240360976e-2,1.1144602486132305e-2,1.618660055374933e-2
StaticAsteroids,0.1972717108806966,0.1960128732964755,0.19849833593317773,1.5537389103679443e-3,9.095544813320322e-4,2.303818649222705e-3
Rave,3.411598534333036e-2,3.38817888205295e-2,3.448136647994173e-2,6.068795794999e-4,4.0178326595182926e-4,7.766936813390789e-4
IsPointInPath,1.9587585057906214,1.856488177169626,2.021090616429761,9.472465123167892e-2,0.0,0.10796238256999463
MeasureText,2.3291068460159887,2.2257022761793217,2.3944953213178017,9.851489766652216e-2,0.0,0.1132561614522036
ToDataURL,4.2751561487998656e-2,3.998243372767872e-2,5.5763900776835705e-2,9.679007328112338e-3,8.405878238052816e-4,1.8369605241829696e-2
