Name,Mean,MeanLB,MeanUB,Stddev,StddevLB,StddevUB
"CirclesRandomSize",9.936894026009574e-2,9.840302314965262e-2,0.10057409610955252,5.515927956436393e-3,4.567187701205232e-3,6.951396667417631e-3
"CirclesUniformSize",9.045440044610037e-2,8.943396415917411e-2,9.208611335961356e-2,6.481204850070442e-3,4.56420329829041e-3,9.05561995441485e-3
"FillText",9.168510046212211e-2,9.119111623970999e-2,9.249121990410819e-2,3.1738544569429664e-3,2.2257997786530766e-3,5.305825112119303e-3
"ImageMark",4.193974342553152e-2,4.1024285223169456e-2,4.280945387093557e-2,4.575514684306682e-3,4.051953055455843e-3,5.2182094033875704e-3
"StaticAsteroids",0.2634961709043218,0.262165499593897,0.2653818544408514,8.055225279262505e-3,6.158954038795387e-3,1.0590428471865846e-2
"Rave",3.882059421746267e-2,3.8387161161584984e-2,3.944321718422903e-2,2.636722926149204e-3,2.0004893977474208e-3,3.618796392658391e-3
"IsPointInPath",2.5680986311121118e-2,2.5165000822229517e-2,2.6687146093530786e-2,3.5508441156266416e-3,2.143583238788087e-3,5.544915579009703e-3
"MeasureText",0.22431312170235645,0.21923673238961233,0.23083081093041433,2.9282512784978072e-2,2.4219568784741227e-2,3.7377651895393056e-2
