Name,Mean,MeanLB,MeanUB,Stddev,StddevLB,StddevUB
CirclesRandomSize,9.180968222258312e-2,8.932287874298447e-2,9.395911928921036e-2,3.492518151596096e-3,2.6028653538688225e-3,4.502959471794489e-3
CirclesUniformSize,8.093628357355892e-2,7.948680272658021e-2,8.306218422303652e-2,2.71826865779608e-3,1.5905491539814646e-3,3.891030731385181e-3
FillText,9.316122279111727e-2,9.14536270482958e-2,9.49119954031626e-2,2.7107247224606714e-3,1.7485328415416362e-3,3.866047900271055e-3
ImageMark,0.12622436723905278,0.12479485349409289,0.12757199480304765,2.0006284417501234e-3,1.4131568546743667e-3,2.774996818751849e-3
StaticAsteroids,0.1582291272473633,0.15551208454005258,0.16299332608297537,4.808598193479878e-3,1.8133487249216008e-3,6.880980316510058e-3
Rave,4.3703027236016184e-2,4.2493049016992426e-2,4.526935896706498e-2,2.611108450715144e-3,1.7757206773580205e-3,3.5989889647235697e-3
IsPointInPath,6.975032469698444,5.836359750492268,8.074288899943838,1.8707670091500441,0.0,1.9039679877318145
MeasureText,5.3375148448064484,5.230098781224228,5.436521853340127,0.1646864708527654,0.0,0.17148516908573683
ToDataURL,4.087804466238134e-2,3.87841820326601e-2,4.498870508145022e-2,5.666702796195706e-3,3.770176085938423e-3,7.7715518647275455e-3
