Name,Mean,MeanLB,MeanUB,Stddev,StddevLB,StddevUB
"Bezier",0.16455990947186946,0.1631566230148077,0.16622997201383113,7.812318417287632e-3,6.558331853500117e-3,9.998013327376147e-3
"CirclesRandomSize",1.0422354618400336,1.0381984177917243,1.0473995748847722,2.3287977261052112e-2,1.8719823907799082e-2,3.352287251377631e-2
"CirclesUniformSize",0.8959536639541388,0.8910221592277289,0.9090067974418402,3.836191658470545e-2,1.8296352722925874e-2,8.126766390002171e-2
"FillText",0.1488341108649969,0.14490017331540583,0.1572460261672735,2.8107981217571968e-2,1.534572204705027e-2,4.597279176341943e-2
"ImageMark",4.832577861249447e-2,4.667635835111142e-2,5.0101784834265715e-2,8.761497884085171e-3,7.653717235382892e-3,1.0189034502066634e-2
"StaticAsteroids",0.24872195638120176,0.2458784476608038,0.25355851806104185,1.864046779208917e-2,1.2258682660099114e-2,2.7709792923494257e-2
"IsPointInPath",3.346689618527889e-2,3.2246929773688315e-2,3.499298251569271e-2,7.0038377913441315e-3,5.795324570576848e-3,8.548009434807336e-3
"MeasureText",1.0377687088340521,0.9581145659774541,1.1242293135017156,0.4236079984712835,0.37401267198479804,0.5168456887879109
"Rave",4.8404139646887785e-2,4.7076675066351895e-2,5.058902657926083e-2,8.562790871569474e-3,5.888756697135341e-3,1.2658061421895551e-2
