Name,Mean,MeanLB,MeanUB,Stddev,StddevLB,StddevUB
"Bezier",0.12759203716417156,0.12567557617326577,0.12998939319749675,1.096517303352335e-2,9.16733223873718e-3,1.4214504013066624e-2
"CirclesRandomSize",8.78190950979789e-2,8.699100538392861e-2,8.883232160707313e-2,4.6792212896542935e-3,3.898947958872955e-3,6.462763569784856e-3
"CirclesUniformSize",7.844540640016397e-2,7.766746326585611e-2,7.946916147371133e-2,4.52095483751751e-3,3.629355576306224e-3,5.982754682584698e-3
"FillText",9.529506250520546e-2,9.455920263429482e-2,9.629367395540077e-2,4.376116461641843e-3,3.4232357077902103e-3,6.788218057879589e-3
"ImageMark",2.6546607457598053e-2,2.5696082555254303e-2,2.9700768434007964e-2,7.45245111973659e-3,1.9280561060709578e-3,1.719876214070726e-2
"StaticAsteroids",0.24047780796190105,0.23822952791353066,0.24436338945527872,1.4754972594995275e-2,1.0045062748164272e-2,2.6171139112580722e-2
"Rave",4.0511789761980374e-2,3.9862053834398586e-2,4.200444980760415e-2,4.754465976501404e-3,2.599104800835919e-3,9.57757587141054e-3
"IsPointInPath",6.772452398439248e-2,6.560834451814493e-2,7.127295776506265e-2,1.368652443015003e-2,9.409596248507656e-3,2.008334237948652e-2
"MeasureText",1.070680809461077,1.030943956815203,1.1845376138319572,0.31829221697649074,0.1303366815796636,0.6809502198540595
