Name,Mean,MeanLB,MeanUB,Stddev,StddevLB,StddevUB
"Bezier",0.12526644526260594,0.12364346085327367,0.12719436941879492,9.03942649240392e-3,7.80364458087002e-3,1.0665548419375932e-2
"CirclesRandomSize",0.8980443698002647,0.8929582005574058,0.9060791355206321,3.1969210913109065e-2,2.3467115718794552e-2,5.1090893078062395e-2
"CirclesUniformSize",0.7812470942570517,0.7767623478009056,0.787602277381594,2.708505269427889e-2,2.102269566819924e-2,3.947561048227307e-2
"FillText",9.623617707031469e-2,9.485668478744726e-2,9.828798113601904e-2,8.575461738916774e-3,6.355965737731096e-3,1.1659263988235854e-2
"ImageMark",2.384797869461278e-2,2.3142996413881577e-2,2.617724715011815e-2,5.942671436532922e-3,2.0704953201303466e-3,1.3347500512162585e-2
"StaticAsteroids",0.2364636546208213,0.23421301184433205,0.2395134740902732,1.3297769699557909e-2,1.0362887507091224e-2,1.759232026424318e-2
"IsPointInPath",6.565009413498143e-2,6.277543125885228e-2,7.055445252197484e-2,1.8829876508390027e-2,1.2808397970117767e-2,2.918661270652907e-2
"MeasureText",0.7434840732647727,0.7284294301106284,0.7641205054356406,8.955347992676042e-2,6.949499447501566e-2,0.11544218166803755
"Rave",3.9870148284609115e-2,3.9319983108217514e-2,4.064219055908422e-2,3.3102739445841586e-3,2.5567877429284046e-3,4.549215646978097e-3
