Name,Mean,MeanLB,MeanUB,Stddev,StddevLB,StddevUB
CirclesRandomSize,1.612826276321537e-2,1.5169740348343454e-2,1.702207009028374e-2,1.7737816972012111e-3,1.2751173316671253e-3,2.508761875124498e-3
CirclesUniformSize,1.6607278311977093e-2,1.605008101975172e-2,1.7248824608046553e-2,1.1782317358156518e-3,7.078819145570735e-4,1.986025162796572e-3
FillText,2.106659145412829e-2,2.060119616224632e-2,2.1801574309581087e-2,1.1016683194793142e-3,7.768176049605047e-4,1.500357025167738e-3
ImageMark,1.3169349761646165e-2,1.2219528968577717e-2,1.472540788466188e-2,2.1944752023781923e-3,1.2489570681356742e-3,3.6733362676293455e-3
StaticAsteroids,9.599755318436537e-3,9.081708561260471e-3,1.0553680147128828e-2,1.2203037995998961e-3,6.837202757170194e-4,2.0294932916571752e-3
Rave,8.510409291085892e-3,8.368475106789662e-3,8.762473205905971e-3,3.279683666524399e-4,1.9926387205674296e-4,4.954652493725175e-4
IsPointInPath,1.71897214813546e-2,1.6613157591789388e-2,1.8782773486905623e-2,1.7953035462854071e-3,3.795265918916212e-4,3.188138551667798e-3
MeasureText,8.916729037547352e-3,8.517931659690408e-3,1.0214714039540709e-2,1.2079344541511881e-3,2.0038066000326114e-4,2.131459539628285e-3
ToDataURL,2.1031253114043913e-2,2.0547584336451298e-2,2.1634602349298246e-2,1.0586533413641812e-3,7.304216011817931e-4,1.6084853961203032e-3
