Name,Mean
Bezier,0.10043308749809512
CirclesRandomSize,0.01341062499996042
CirclesUniformSize,0.013770087499142391
FillText,0.02061166249841335
ImageMark,0.0036077749988180584
StaticAsteroids,0.03897765000074287
Rave,0.007398087499313988
IsPointInPath,0.004926725001132582
MeasureText,0.012936212500790134