Name,Mean,MeanLB,MeanUB,Stddev,StddevLB,StddevUB
"Bezier",0.14978499898239972,0.1452575756005943,0.15474345216080546,2.413694626237187e-2,1.6995910519243557e-2,3.5485611008894496e-2
"CirclesRandomSize",0.5820886255197227,0.5782899118356407,0.5917580009393394,2.9035497371329672e-2,1.430903499451289e-2,6.145228201634155e-2
"CirclesUniformSize",0.5212088848046958,0.5129519177369773,0.5326625610284508,4.9354560323333976e-2,3.7957542179838585e-2,7.59897470969856e-2
"FillText",8.658393868729472e-2,8.472727307602763e-2,8.891015776917338e-2,1.0616566306148047e-2,8.516535222761001e-3,1.3073324802757833e-2
"ImageMark",4.556973943039774e-2,4.387119063660502e-2,4.732182750031352e-2,8.850435387218157e-3,7.7835395097027756e-3,1.0198044790638844e-2
"StaticAsteroids",0.16838922032639383,0.16710681924149395,0.16996697673127056,7.281945423282293e-3,6.145002914479209e-3,9.368952039916913e-3
"IsPointInPath",2.258965262696147e-2,2.2178928940743206e-2,2.3099176972359418e-2,2.352447715678419e-3,1.92881642493743e-3,2.867247016632372e-3
"MeasureText",0.34424800643250353,0.32459095010086897,0.3773507524423302,0.1282703596558699,8.479386497577852e-2,0.1962789334029301
"Rave",2.58465600900352e-2,2.4953377335518598e-2,2.703963288590312e-2,5.230516871401587e-3,4.276848974641705e-3,6.851482566111751e-3
