Name,Mean,MeanLB,MeanUB,Stddev,StddevLB,StddevUB
CirclesRandomSize,0.11360156860808306,0.10888794853635304,0.11994602244981685,7.593718095904847e-3,4.080250437375799e-3,1.1335505468040597e-2
CirclesUniformSize,9.37931300941301e-2,9.336844422553955e-2,9.42661246495248e-2,7.116589540686719e-4,4.780965912415807e-4,1.0989597018474925e-3
FillText,0.14724443589807593,0.14580777361045047,0.1486260122054443,2.0139650791974064e-3,1.15840994589384e-3,2.719304672239847e-3
ImageMark,0.8610297713697067,0.7658189782498875,0.9155611534008351,8.503261031866864e-2,0.0,9.445112428486271e-2
StaticAsteroids,0.14249605957179987,0.1406253206748406,0.14548828307268272,3.2857765469349954e-3,1.5778096623021121e-3,4.701597444832133e-3
Rave,4.974945142090668e-2,4.8498630930309046e-2,5.171538850106391e-2,2.791111419455739e-3,1.7591115330605853e-3,4.481285506887235e-3
IsPointInPath,3.6333997903134567,3.56934176275289,3.6688163572322274,5.639904979348006e-2,0.0,6.13432933329745e-2
MeasureText,2.428637862942472,2.3467128989989643,2.472013371053336,7.131745259185193e-2,0.0,7.512858385213275e-2
ToDataURL,5.046228342005626e-2,4.4824184752365846e-2,5.764925321939348e-2,1.1918734860696547e-2,6.968480618045586e-3,2.0672889773569486e-2
