Name,Mean,MeanLB,MeanUB,Stddev,StddevLB,StddevUB
"Bezier",0.11432013285545012,0.10959389460471769,0.1193466998377194,2.4833744228590866e-2,1.822241259542359e-2,3.61068030396652e-2
"CirclesRandomSize",0.6400671960153927,0.6319495583811154,0.6510604740419735,4.7843427954656514e-2,3.804275905135875e-2,6.41529143740904e-2
"CirclesUniformSize",0.5826346660890926,0.5606576348581662,0.6131163312235226,0.13204054029492285,0.10280551449610774,0.17486578893194538
"FillText",4.8043849591289954e-2,4.712805283454557e-2,4.926334154990812e-2,5.362303292817718e-3,4.3566828026096825e-3,6.857557887568629e-3
"ImageMark",1.7722604397808515e-2,1.743389857200285e-2,1.819725525764128e-2,1.8602357122518218e-3,1.260372748173886e-3,2.7690474418353263e-3
"StaticAsteroids",0.1848698760309567,0.18155320895103116,0.18890243304160734,1.8720308380579396e-2,1.574481642292864e-2,2.2294940713487525e-2
"IsPointInPath",6.483834278968473e-2,6.025002491859098e-2,7.228133452323576e-2,2.9426782645158602e-2,1.9818959830046026e-2,3.992691108416442e-2
"MeasureText",0.8379239274301876,0.8033569122591366,0.8881475163736691,0.20992719413810065,0.15652332818198983,0.30072261811504514
"Rave",2.502223027137419e-2,2.4235460881267986e-2,2.602809441474577e-2,4.544794389618748e-3,3.7227620534780793e-3,5.748185320563344e-3
