Name,Mean,MeanLB,MeanUB,Stddev,StddevLB,StddevUB
CirclesRandomSize,4.478205623175681e-2,4.4192458129132e-2,4.5984710068536425e-2,1.4568653743687733e-3,7.716595286870085e-4,2.415429150747407e-3
CirclesUniformSize,4.203406815276424e-2,4.1340749595073736e-2,4.2849953326905096e-2,1.4596048632753076e-3,1.0631688258055712e-3,2.024825180203221e-3
FillText,8.822853372085292e-2,8.727689184937838e-2,8.999222118965489e-2,2.4376637425041754e-3,8.580032363044444e-4,3.8298273005292222e-3
ImageMark,0.597673815431974,0.5913881768285334,0.6024401547813742,1.098527003559689e-2,7.73799803435333e-3,1.486949212750955e-2
StaticAsteroids,2.831971863663426e-2,2.753596802893238e-2,2.8804788388083154e-2,1.149477262689993e-3,5.33349069158983e-4,1.8883509708644075e-3
Rave,2.478367596386374e-2,2.4365492216899397e-2,2.558436638248863e-2,1.1233008401350271e-3,5.557823028487155e-4,1.8897018757062806e-3
IsPointInPath,3.500397301050313e-2,3.474561172554422e-2,3.532480487807216e-2,5.350198214627485e-4,3.6652065651146683e-4,7.215367401073012e-4
MeasureText,3.1212987561321178e-2,3.0982237785642235e-2,3.1525318014674446e-2,5.26625686120092e-4,3.93134974303606e-4,6.978132343924719e-4
