Name,Mean,MeanLB,MeanUB,Stddev,StddevLB,StddevUB
"Bezier","Bezier",0.12136445266446097,0.11977823478421196,0.1243280718966387,1.081076943959422e-2,6.932822302977802e-3,1.969420801919581e-2
"CirclesRandomSize",8.718131286343558e-2,8.653849584301933e-2,8.788920623501761e-2,3.4501043125272023e-3,3.017834942433549e-3,4.068654535926081e-3
"CirclesUniformSize",7.872392636975273e-2,7.68205378695391e-2,8.601616126736625e-2,1.694703084998714e-2,3.7590733836216136e-3,3.945953040564323e-2
"FillText",9.462301236828788e-2,9.33204339190386e-2,9.674328548153861e-2,8.3848280443658e-3,5.752506841083467e-3,1.1765165948625513e-2
"ImageMark",2.689690334042534e-2,2.5480825726594776e-2,3.234955770215019e-2,1.221962316001528e-2,2.0611714004707656e-3,2.7966685320710456e-2
"StaticAsteroids",0.24683658820828425,0.24066219073971734,0.2660293028994463,5.037092006563283e-2,1.915156110532351e-2,0.11054312036136117
"Rave",4.312550288876519e-2,3.912567121228203e-2,6.1948940579500046e-2,3.780087686253613e-2,2.088379474863341e-3,8.9738884029211e-2
"IsPointInPath",6.254167062481865e-2,6.0271405999269334e-2,6.596589309414848e-2,1.4117572445788434e-2,1.0350425742764546e-2,1.862823754316481e-2
"MeasureText",0.5575988028689288,0.5425603507204912,0.5769759629412554,8.723788572478579e-2,6.983908225337966e-2,0.11235858776147038
