Name,Mean
CirclesRandomSize,0.050080581675000006
CirclesUniformSize,0.03996595158750024
FillText,0.08503712384999985
ImageMark,0.07507476506249978
StaticAsteroids,0.0468871290125001
Rave,0.022140710062499694
IsPointInPath,0.010489749499999926
MeasureText,0.015678478099999848